Year,PassFail,Age,LSAT,UGPA,CivPro,LPI,LPII,GPA_1L,GPA_Final,FinalRankPercentile,Accommodations,Probation,LegalAnalysis(TexasPractice),AdvLegalPerfSkills,AdvLegalAnalysis,BarPrepCompany,BarPrepCompletion,OptIntoWritingGuide,#LawSchoolBarPrepWorkshops,StudentSuccessInitiative,BarPrepMentor,MPRE,MPT,MEE,WrittenScaledScore,MBE,UBE
2021,F,29.1,152,3.42,B+,A,A,3.206,3.29,0.46,N,N,Y,Y,Y,Barbri,0.96,,3,N,N,103.0,3.0,2.67,125.5,133.3,258.8
2021,F,29.6,155,2.82,B+,B,B,2.431,3.2,0.33,Y,Y,Y,Y,Y,Barbri,0.98,,0,Cochran,N,76.0,3.0,3.17,133.1,132.7,265.8
2021,F,29.0,157,3.46,C,B,B,2.62,2.91,0.08,N,N,Y,Y,Y,Barbri,0.48,,3,Smith,N,99.0,3.0,2.67,125.5,118.2,243.7
2021,F,36.2,156,3.13,D+,C,C+,2.275,2.77,0.02,N,Y,Y,Y,Y,Barbri,1.0,,0,Baldwin,N,81.0,2.5,3.0,125.5,140.1,265.6
2021,F,28.9,145,3.49,C,C+,C+,2.293,2.9,0.08,N,Y,Y,Y,Y,Themis,0.77,,5,Baldwin,N,99.0,3.5,2.67,130.5,125.4,255.9
2021,F,30.8,154,2.85,B+,F,CR,2.538,2.82,0.05,N,N,Y,Y,Y,Themis,0.02,,1,Rosen,N,,3.0,2.0,115.4,113.5,228.9
2021,F,29.1,149,3.43,C,C,B,2.275,3.0,0.15,N,Y,Y,Y,Y,Themis,0.9,,5,Saavedra,N,90.0,2.5,3.5,133.1,134.7,267.8
2021,F,42.9,160,3.29,C,C+,B,2.655,3.09,0.22,N,Y,Y,Y,Y,Themis,0.76,,5,Christopher,N,97.0,2.5,3.0,125.5,140.8,266.3
2021,F,28.3,152,3.62,C+,B,B,2.603,3.21,0.34,N,N,Y,Y,Y,Themis,0.77,,1,N,N,100.0,3.0,2.67,125.5,103.6,229.1
2021,P,27.1,150,3.07,C,B,C,2.362,2.74,0.01,N,Y,Y,Y,Y,Themis,0.88,,5,Christopher,N,78.0,2.5,3.83,138.0,148.6,286.6
2021,P,28.4,148,3.57,C+,A,B+,2.948,3.44,0.69,N,N,Y,Y,Y,Themis,0.95,,0,N,N,97.0,4.5,3.67,155.7,141.5,297.2
2021,P,29.5,155,3.26,C+,B,C,2.827,3.17,0.24,N,N,Y,Y,Y,Barbri,0.95,,5,Humphrey,N,114.0,3.5,3.5,143.0,159.4,302.4
2021,P,30.3,152,3.96,A,B+,A,3.603,3.8,0.95,N,N,Y,Y,Y,Themis,1.0,,5,N,N,99.0,4.0,4.0,155.7,168.0,323.7
2021,P,28.8,156,3.41,B,B,C+,2.879,3.26,0.39,N,N,Y,Y,Y,Themis,1.0,,1,N,N,91.0,4.5,3.83,158.1,146.4,304.5
2021,P,35.2,153,3.64,B,C+,B,2.517,3.32,0.49,Y,Y,Y,Y,Y,Themis,0.75,,0,N,N,99.0,4.0,3.0,140.6,145.0,285.6
2021,P,28.8,151,3.67,B,B+,B,2.793,3.26,0.39,N,N,Y,Y,Y,Barbri,0.97,,2,N,AbbeyCoufal,86.0,3.5,3.5,143.0,134.7,277.7
2021,P,36.5,156,3.52,B+,B,A,3.155,3.58,0.77,Y,N,Y,Y,Y,Barbri,1.0,,4,N,N,,3.0,4.0,145.6,166.2,311.8
2021,P,30.2,157,2.62,B,A,A,3.224,3.35,0.43,N,N,Y,Y,Y,Barbri,0.9,,0,N,N,100.0,4.5,3.5,153.2,136.7,289.9
2021,P,28.7,163,3.45,A,B,B,3.603,3.76,0.94,N,N,Y,Y,Y,Themis,0.6,,0,N,N,105.0,2.5,3.5,133.1,150.8,283.9
2021,P,28.4,155,3.25,B,B,B,2.862,3.03,0.17,N,N,Y,Y,Y,Themis,0.48,,0,Smith,N,79.0,3.5,3.17,138.0,140.8,278.8
2021,P,30.8,155,3.09,B,A,B,2.896,3.07,0.21,N,N,Y,Y,Y,Themis,0.71,,4,Keffer,N,95.0,4.0,3.5,148.2,128.7,276.9
2021,P,30.6,156,3.26,C+,C+,B,3.12,3.61,0.79,Y,N,Y,Y,Y,Barbri,0.84,,0,N,N,105.0,4.5,3.17,148.2,144.3,292.5
2021,P,29.1,157,2.49,A,B+,B+,3.896,3.64,0.82,N,N,Y,Y,Y,Barbri,0.85,,1,N,N,132.0,4.5,3.67,155.7,169.9,325.6
2021,P,28.7,159,3.59,A,A,B+,3.603,3.76,0.92,Y,N,Y,Y,Y,Barbri,1.0,,2,N,N,96.0,4.5,4.17,163.3,158.6,321.9
2021,P,36.0,159,3.44,A,C+,C+,3.103,3.3,0.48,N,N,Y,Y,Y,,,,0,N,N,124.0,4.0,3.5,148.2,146.4,294.6
2021,P,29.0,148,3.65,C+,B+,B+,3.224,3.28,0.45,N,N,Y,Y,Y,Barbri,1.0,,2,N,N,102.0,4.0,4.17,158.1,137.4,295.5
2021,P,31.8,164,3.66,B+,B+,B,3.344,3.56,0.76,N,N,Y,Y,Y,Barbri,0.85,,5,N,N,114.0,3.0,3.17,133.1,143.6,276.7
2021,P,41.1,151,3.44,B,B,B+,3.172,3.33,0.5,N,N,Y,Y,Y,Themis,0.89,,3,N,AmberRich,104.0,4.0,4.33,160.7,142.9,303.6
2021,P,27.5,152,3.61,B,B,B+,3.103,3.62,0.81,N,N,Y,Y,Y,Themis,0.83,,5,N,N,,3.5,4.0,150.6,152.3,302.9
2021,P,28.1,154,3.18,C+,B,C+,3.086,3.26,0.42,N,N,Y,Y,Y,Themis,1.0,,5,N,ColeShooter,99.0,3.5,3.33,140.6,142.2,282.8
2021,P,30.8,156,2.93,B+,C,C+,3,3.13,0.25,N,N,Y,Y,Y,Themis,0.84,,0,Keffer,N,127.0,5.0,3.5,158.1,154.6,312.7
2021,P,29.2,148,3.78,B+,B,B+,3.206,3.5,0.73,N,N,Y,Y,Y,Barbri,0.77,,5,N,DavidHutchens,105.0,2.5,4.17,143.0,159.4,302.4
2021,P,31.3,152,3.55,A,B,B,3.517,3.49,0.72,N,N,Y,Y,Y,Themis,0.85,,2,N,N,97.0,4.0,3.33,145.6,157.8,303.4
2021,P,37.1,157,3.14,A,B,B+,3.379,3.64,0.83,Y,N,Y,Y,Y,Barbri,0.81,,1,N,N,108.0,4.0,3.67,150.6,143.6,294.2
2021,P,37.0,161,2.83,C+,C+,B+,2.551,2.99,0.15,N,N,Y,Y,Y,JD Advising,,,0,Humphrey,N,,4.0,3.5,148.2,153.1,301.3
2021,P,28.5,158,3.71,A,B+,C+,3.206,3.38,0.56,N,N,Y,Y,Y,Barbri,0.96,,3,N,N,118.0,4.0,3.83,153.2,143.6,296.8
2021,P,28.8,156,3.36,C+,B,B,3.392,3.38,0.57,N,N,Y,Y,Y,Themis,0.76,,2,N,N,86.0,3.0,4.17,148.2,144.3,292.5
2021,P,29.1,155,3.46,C+,C+,C,2.81,3.34,0.52,N,N,Y,Y,Y,Barbri,0.84,,2,N,N,92.0,3.5,3.83,148.2,150.1,298.3
2021,P,29.7,155,3.52,B,B+,B+,3.482,3.43,0.66,N,N,Y,Y,Y,Barbri,1.0,,1,N,N,115.0,4.0,3.67,150.6,150.8,301.4
2021,P,29.0,152,4.01,B,B,B,3.189,3.43,0.65,N,N,Y,Y,Y,Barbri,0.92,,2,N,N,87.0,4.5,3.17,148.2,143.6,291.8
2021,P,28.8,149,3.42,A,A,A,3.655,3.6,0.79,N,N,Y,Y,Y,Themis,0.94,,5,N,ChrisRhodes,99.0,4.0,4.17,158.1,154.6,312.7
2021,P,27.7,150,3.86,B+,B,B+,3.241,3.26,0.4,N,N,Y,Y,Y,Themis,0.73,,1,N,N,95.0,3.5,3.33,140.6,145.7,286.3
2021,P,30.2,150,3.5,C+,C+,C+,2.775,3.19,0.31,N,N,Y,Y,Y,Themis,0.91,,0,N,N,88.0,4.5,3.67,155.7,142.9,298.6
2021,P,29.2,149,4.01,B,B,B,3,3.38,0.56,N,N,Y,Y,Y,Barbri,1.0,,0,N,N,111.0,4.0,4.0,155.7,148.6,304.3
2021,P,29.5,158,3.82,B,B,C+,2.827,3.44,0.67,N,N,Y,Y,Y,Themis,0.87,,3,N,N,111.0,3.5,4.17,153.2,143.6,296.8
2021,P,35.5,158,3.28,B,C,B,2.965,3.34,0.5,N,N,Y,Y,Y,Barbri,0.98,,0,N,N,112.0,4.0,3.67,150.6,157.8,308.4
2021,P,28.9,155,3.31,C+,C,D+,2.62,2.85,0.05,N,N,Y,Y,Y,Barbri,0.87,,0,Keffer,N,,2.5,3.67,135.5,139.4,274.9
2021,P,29.7,158,3.15,B+,B+,B,3.327,3.26,0.4,N,N,Y,Y,Y,Themis,0.78,,0,N,N,,3.0,3.33,135.5,161.0,296.5
2021,P,30.3,160,3.03,A,B,A,3.793,3.91,0.98,N,N,Y,Y,Y,Barbri,0.97,,0,N,N,145.0,5.0,4.67,175.8,169.0,344.8
2021,P,29.2,156,3.35,C+,A,A,3.465,3.71,0.88,N,N,Y,Y,Y,Barbri,0.97,,2,N,N,102.0,3.0,4.0,145.6,161.0,306.6
2021,P,28.6,151,4.0,A,B,B+,3.586,3.68,0.86,N,N,Y,Y,Y,Themis,0.79,,0,N,N,106.0,3.0,4.17,148.2,161.0,309.2
2021,P,29.4,156,3.03,C,B,D,2.413,2.81,0.03,Y,Y,Y,Y,Y,,,,0,Chapman,N,114.0,3.0,3.17,133.1,139.4,272.5
2021,P,28.0,156,3.29,B,B+,A,3.137,3.25,0.37,N,N,Y,Y,Y,Barbri,0.92,,0,N,N,114.0,4.5,3.33,150.6,142.2,292.8
2021,P,31.4,148,3.69,D+,C,B,2.482,2.82,0.04,N,Y,Y,Y,Y,Themis,0.96,,2,Cochran,N,108.0,4.0,3.33,145.6,135.4,281.0
2021,P,31.1,157,3.3,B+,B,B+,3.189,3.4,0.6,N,N,Y,Y,Y,Themis,0.93,,0,N,N,92.0,4.0,4.0,155.7,139.4,295.1
2021,P,29.2,155,3.4,B,B,B,3.344,3.66,0.85,N,N,Y,Y,Y,Barbri,1.0,,0,N,ScottKeffer,105.0,4.0,3.83,153.2,157.0,310.2
2021,P,29.0,152,3.62,B+,B,B+,3.12,3.53,0.74,N,N,Y,Y,Y,Barbri,1.0,,5,N,HollyHaseloff,115.0,4.5,4.17,163.3,157.8,321.1
2021,P,32.4,157,2.65,A,A,A,3.81,3.88,0.97,N,N,Y,Y,Y,Barbri,0.96,,0,N,N,90.0,2.5,4.0,140.6,164.5,305.1
2021,P,31.4,150,3.66,C+,A,A,2.741,3.1,0.23,N,N,Y,Y,Y,Barbri,1.0,,3,Sherwin,N,94.0,3.5,3.33,140.6,145.0,285.6
2021,P,29.4,152,3.32,B,B,C+,2.724,3.16,0.28,N,N,Y,Y,Y,Barbri,0.91,,5,N,JustinPlescha,105.0,4.0,3.0,140.6,140.8,281.4
2021,P,29.3,158,3.21,B+,B,B,3.465,3.63,0.82,N,N,Y,Y,Y,Themis,0.81,,4,N,N,97.0,3.5,5.0,165.7,163.6,329.3
2021,P,29.3,148,3.82,C+,B+,C+,2.603,3.26,0.41,N,N,Y,Y,Y,Themis,1.0,,5,N,N,106.0,3.5,3.33,140.6,148.6,289.2
2021,P,30.4,152,3.63,B+,B,C+,3.034,3.39,0.59,N,N,Y,Y,Y,Barbri,0.9,,0,N,N,88.0,3.5,3.67,145.6,147.9,293.5
2021,P,38.1,157,4.02,A,A,A,3.862,3.74,0.9,N,N,Y,Y,Y,Barbri,0.9,,0,N,N,119.0,4.5,4.33,165.7,157.8,323.5
2021,P,30.3,156,3.43,C,C+,D+,2.448,3.3,0.48,Y,Y,Y,Y,Y,Barbri,0.53,,1,N,N,114.0,4.5,3.83,158.1,140.1,298.2
2021,P,33.2,156,3.31,B+,C+,C,3.051,3.39,0.59,N,N,Y,Y,Y,Themis,1.0,,0,N,N,100.0,4.0,3.67,150.6,151.5,302.1
2021,P,29.1,156,3.34,B,C+,B,2.534,3.06,0.2,N,N,Y,Y,Y,Themis,0.91,,5,Smith,MerylBenham,100.0,2.5,3.67,135.5,138.7,274.2
2021,P,29.0,154,3.39,B,B,C+,2.775,3.2,0.33,N,N,Y,Y,Y,Themis,0.85,,0,N,DanielleSaavedra,117.0,4.0,3.67,150.6,146.4,297.0
2021,P,30.7,159,2.69,B+,C,B,3,3.36,0.54,Y,N,Y,Y,Y,Themis,0.75,,4,N,N,93.0,4.5,3.83,158.1,138.7,296.8
2021,P,29.0,153,3.57,C+,B,B,3,3.37,0.55,N,N,Y,Y,Y,Barbri,1.0,,0,N,N,108.0,3.5,3.5,143.0,150.8,293.8
2021,P,27.9,148,3.97,B,B,B+,3.379,3.71,0.87,N,N,Y,Y,Y,Barbri,1.0,,1,N,N,138.0,3.0,3.67,140.6,161.0,301.6
2021,P,30.1,155,2.97,B,B+,B,3.5,3.58,0.78,Y,N,Y,Y,Y,Barbri,0.87,,0,N,N,93.0,4.5,3.83,158.1,150.8,308.9
2021,P,41.0,156,2.83,C,C,C+,2.568,2.89,0.07,N,N,Y,Y,Y,Themis,0.81,,0,Humphrey,N,100.0,3.0,3.33,135.5,146.4,281.9
2021,P,32.4,157,3.36,B,A,B,3.189,3.22,0.36,Y,N,Y,Y,Y,Themis,0.76,,1,N,N,112.0,3.0,3.83,143.0,142.9,285.9
2021,P,30.1,158,3.67,B,B,C+,3.051,3.41,0.62,Y,N,Y,Y,Y,Barbri,1.0,,3,N,ColleenElbe(Potts),82.0,4.0,2.83,138.0,142.9,280.9
2021,P,36.8,160,3.31,A,B,B,3.431,3.57,0.76,N,N,Y,Y,Y,Barbri,0.86,,0,N,N,,4.0,2.83,138.0,162.7,300.7
2021,P,31.0,158,3.08,A,B+,C+,3.448,3.75,0.91,Y,N,Y,Y,Y,Barbri,0.72,,2,N,N,93.0,4.5,4.0,160.7,155.4,316.1
2021,P,30.2,157,4.14,B+,A,B,3.551,3.74,0.9,Y,N,Y,Y,Y,Barbri,0.78,,0,N,N,108.0,3.0,4.0,145.6,160.2,305.8
2021,P,30.9,152,3.52,D+,C+,C+,2.413,3.08,0.21,Y,Y,Y,Y,Y,Themis,0.88,,2,Christopher,N,87.0,2.5,3.17,127.9,155.4,283.3
2021,P,29.5,154,3.97,A,A,A,4,3.9,0.98,N,N,Y,Y,Y,Barbri,0.86,,3,N,N,145.0,3.5,4.33,155.7,171.8,327.5
2021,P,28.6,148,3.59,B,B,C+,2.603,3.24,0.37,Y,N,Y,Y,Y,Barbri,1.0,,2,N,N,,4.5,3.83,158.1,146.4,304.5
2021,P,28.3,155,3.35,B+,A,B+,3.275,3.45,0.7,N,N,Y,Y,Y,Barbri,0.86,,1,N,N,122.0,3.0,3.5,138.0,149.3,287.3
2021,P,30.6,157,3.1,B,B,B,3.396,3.4,0.61,N,N,Y,Y,Y,Barbri,0.73,,0,N,N,87.0,4.0,3.33,145.6,152.3,297.9
2021,P,31.4,161,3.18,A,B,B+,3.327,3.41,0.63,N,Y,Y,Y,Y,Themis,0.77,,0,N,N,103.0,4.5,3.17,148.2,150.1,298.3
2021,P,29.0,147,3.87,C+,B,C,2.327,2.94,0.11,Y,Y,Y,Y,Y,Themis,0.95,,4,Christopher,BenIvey,108.0,4.0,3.33,145.6,149.3,294.9
2021,P,28.5,166,3.51,B+,A,B+,2.948,3.27,0.44,Y,N,Y,Y,Y,Barbri,0.97,,0,N,N,,3.0,3.33,135.5,138.7,274.2
2021,P,32.0,149,3.4,C+,B+,B+,2.965,3.42,0.64,N,N,Y,Y,Y,Themis,0.88,,3,N,AshleySanders,114.0,3.5,3.33,140.6,155.4,296.0
2021,P,32.3,156,3.37,B,C+,B,2.637,3.01,0.16,N,N,Y,Y,Y,Themis,0.78,,2,Rosen,N,92.0,2.5,4.0,140.6,143.6,284.2
2021,P,30.6,163,3.14,A,A,B+,3.81,3.66,0.84,N,N,Y,Y,Y,Barbri,0.87,,0,N,N,105.0,3.5,3.67,145.6,165.3,310.9
2021,P,27.7,159,4.05,A,A,B+,3.534,3.66,0.85,N,N,Y,Y,Y,Themis,0.84,,0,N,N,117.0,3.5,3.67,145.6,140.8,286.4
2021,P,28.4,156,3.65,C,B+,A,2.758,3.44,0.69,Y,N,Y,Y,Y,Themis,0.97,,5,N,N,88.0,3.0,2.83,127.9,152.3,280.2
2021,P,29.2,151,3.42,A,B,B,3.206,3.36,0.53,N,N,Y,Y,Y,Themis,1.0,,0,N,N,97.0,4.0,4.0,155.7,158.6,314.3
2021,P,33.7,153,3.01,B,A,B+,3.068,3.62,0.8,Y,N,Y,Y,Y,Barbri,0.98,,3,N,KimberlyKelley,111.0,4.0,3.5,148.2,140.8,289.0
2021,P,36.1,162,3.45,A,A,A,3.793,3.81,0.96,N,N,Y,Y,Y,Barbri,1.0,,5,N,N,99.0,4.5,4.33,165.7,161.9,327.6
2021,P,29.8,152,3.34,C+,B,B,2.517,2.67,0.0,N,N,Y,Y,Y,Barbri,,,1,Chapman,N,88.0,2.5,3.67,135.5,134.7,270.2
2021,P,29.9,151,3.36,C+,C+,C+,2.379,3.04,0.18,N,Y,Y,Y,Y,Themis,0.8,,5,N,N,94.0,3.5,3.67,145.6,126.7,272.3
2021,P,32.3,159,2.27,B,C+,D+,2.5,2.94,0.11,N,Y,Y,Y,Y,Barbri,0.93,,4,Keffer,N,105.0,3.5,2.83,133.1,152.3,285.4
2021,P,31.3,156,3.28,B+,A,B+,3.086,3.39,0.6,N,N,Y,Y,Y,Themis,0.81,,2,N,MichaelEconomidis,100.0,4.0,3.17,143.0,147.9,290.9
2021,P,31.6,148,3.79,B+,B+,B+,3.142,3.54,0.75,N,N,Y,Y,Y,Barbri,1.0,,5,N,N,113.0,5.0,4.17,168.3,145.7,314.0
2021,P,31.2,147,3.98,B,B+,B+,3.344,3.76,0.92,N,N,Y,Y,Y,Themis,0.85,,0,N,N,105.0,4.0,4.5,163.3,156.2,319.5
2021,P,29.1,157,3.68,B,B,B+,2.892,3.16,0.27,N,N,Y,Y,Y,Themis,0.75,,0,Saavedra,N,92.0,4.5,3.5,153.2,126.7,279.9
2021,P,27.7,161,3.92,C+,C+,C,2.448,2.91,0.09,N,N,Y,Y,Y,Themis,1.0,,3,N,N,87.0,3.5,3.17,138.0,134.0,272.0
2021,P,30.3,160,3.36,B+,B,D,2.62,3.15,0.26,Y,Y,Y,Y,Y,Themis,1.0,,5,Baldwin,PaulBarkhurst,94.0,4.5,4.17,163.3,153.1,316.4
2021,P,28.5,152,3.89,B,C+,C+,2.793,3.18,0.3,N,N,Y,Y,Y,Themis,0.73,,0,N,N,89.0,2.5,3.33,130.5,140.8,271.3
2021,P,28.4,152,3.58,B+,B,B+,2.982,3.44,0.67,N,N,Y,Y,Y,Barbri,1.0,,5,N,DeirdreWard,85.0,4.0,4.5,163.3,150.1,313.4
2021,P,29.1,153,3.46,A,B+,C+,3.379,3.34,0.51,N,N,Y,Y,Y,Themis,0.88,,0,N,N,99.0,4.0,3.83,153.2,143.6,296.8
2021,P,28.8,154,3.48,B,B,B,2.81,3.18,0.31,N,N,Y,Y,Y,Barbri,1.0,,4,Sherwin,N,85.0,4.0,4.67,165.7,158.6,324.3
2021,P,37.9,157,2.93,A,C+,B,3.172,3.48,0.71,Y,N,Y,Y,Y,Barbri,0.87,,2,N,BrendaJohnson,95.0,5.0,3.17,153.2,139.4,292.6
2021,P,30.3,153,3.64,B,B,B,2.948,3.35,0.53,Y,N,Y,Y,Y,Themis,0.8,,0,N,N,,4.0,3.5,148.2,149.3,297.5
2021,P,27.1,159,3.54,C+,B,B+,3.107,3.13,0.24,N,N,Y,Y,Y,Barbri,0.83,,2,N,N,89.0,3.5,3.17,138.0,136.7,274.7
2021,P,30.1,153,3.37,B+,C+,C+,2.758,2.99,0.14,N,N,Y,Y,Y,Barbri,0.94,,1,Smith,N,79.0,4.0,3.33,145.6,130.7,276.3
2021,P,28.9,153,3.54,B,B,B,2.785,3.22,0.35,N,N,Y,Y,Y,Themis,0.93,,3,N,TomHall,85.0,4.0,4.0,155.7,155.4,311.1
2021,P,28.9,154,3.74,B+,A,B,3.775,3.78,0.95,N,N,Y,Y,Y,Themis,0.9,,5,N,N,99.0,4.5,3.5,153.2,161.9,315.1
2021,P,29.3,156,2.99,B,B,B,2.81,3.05,0.18,N,N,Y,Y,Y,Barbri,0.74,,0,Rosen,N,,5.0,3.67,160.7,141.5,302.2
2021,P,31.1,156,3.92,A,A,A,4,3.93,0.99,N,N,Y,Y,Y,Barbri,1.0,,2,N,VictorMellinger,108.0,3.0,4.0,145.6,164.5,310.1
2021,P,28.4,155,2.84,B,B,C,2.62,2.96,0.12,N,N,Y,Y,Y,Themis,0.67,,5,Saavedra,N,90.0,2.5,3.67,135.5,134.0,269.5
2022,F,28.8,154,3.18,C+,C+,C+,2.466,2.92,0.15,N,Y,Y,Y,Y,Themis,0.77,,4,Baldwin,N,79.0,3.0,3.17,130.9,135.4,266.3
2022,F,28.7,152,2.56,B,C+,C,2.5,3.06,0.25,N,N,Y,Y,Y,Themis,0.58,,0,Baldwin,N,95.0,2.5,3.67,133.1,126.5,259.6
2022,F,30.6,158,2.78,C,B+,CR,3.225,3.14,0.33,Y,N,Y,Y,Y,Barbri,0.83,,0,N,N,86.0,2.0,3.0,119.1,135.4,254.5
2022,F,42.0,153,3.47,A,B+,A,3.5,3.42,0.63,N,N,Y,Y,Y,Themis,0.7,,0,N,N,95.0,2.0,3.17,121.5,140.1,261.6
2022,F,29.7,159,2.97,C,C,C+,2.283,2.64,0.05,N,Y,Y,Y,Y,Themis,0.75,,5,Baldwin,N,79.0,3.0,3.0,128.5,129.0,257.5
2022,F,28.2,148,3.59,B,A,B+,2.717,3.05,0.25,N,N,Y,Y,Y,Themis,0.88,,1,Keffer,N,87.0,2.0,3.17,121.5,134.1,255.6
2022,F,35.6,155,3.45,B,D+,CR,2.763,2.99,0.19,N,N,Y,Y,Y,Barbri,0.91,,0,Sherwin,N,86.0,2.5,3.0,123.7,128.3,252.0
2022,F,34.3,152,3.39,C,A,B,2.652,3.15,0.35,N,N,Y,Y,Y,Barbri,0.96,,5,Christopher,N,85.0,3.5,3.17,135.5,115.3,250.8
2022,F,65.7,151,3.61,C,D,C+,2.583,2.77,0.08,N,N,Y,Y,Y,Barbri,0.64,,5,Rosen,N,85.0,3.0,2.17,116.8,129.6,246.4
2022,F,29.0,157,3.11,C,B+,B,2.666,3.19,0.4,N,N,Y,Y,Y,Themis,0.62,,0,N,ClayElliott,87.0,2.5,3.5,130.9,128.3,259.2
2022,F,28.2,155,3.95,D,B,B,2.433,2.88,0.11,N,Y,Y,Y,Y,Themis,0.72,,5,Saavedra,N,95.0,2.5,2.33,114.4,136.1,250.5
2022,F,28.1,151,3.94,C,B,CR,2.687,3.15,0.36,N,N,Y,Y,Y,,,,0,Keffer,VictorMellinger,109.0,2.5,2.5,116.8,127.7,244.5
2022,F,32.4,149,3.41,C,B,B,2.931,3.27,0.5,N,N,Y,Y,Y,Barbri,0.94,,0,N,N,99.0,4.0,2.67,133.1,122.1,255.2
2022,F,27.4,153,3.5,C+,C+,C+,2.666,3.06,0.29,N,N,Y,Y,Y,Themis,0.88,,2,Saavedra,N,89.0,3.0,3.5,135.5,131.5,267.0
2022,F,28.7,149,4.06,B,A,A,2.875,3.36,0.56,N,N,Y,Y,Y,Barbri,0.93,,0,N,N,93.0,3.5,3.33,137.9,131.5,269.4
2022,F,27.7,149,3.6,C+,C+,CR,3.065,3.25,0.48,Y,N,Y,Y,Y,Barbri,0.96,,0,N,N,97.0,3.0,3.5,135.5,133.4,268.9
2022,F,28.8,157,2.94,B+,B+,CR,3.656,3.2,0.43,N,N,Y,Y,Y,Themis,0.4,,0,N,N,,3.5,3.67,142.5,122.7,265.2
2022,F,27.1,153,3.55,B,B,CR,2.842,2.55,0.02,N,N,Y,Y,Y,Barbri,0.98,,5,Saavedra,N,77.0,3.0,2.67,123.8,119.6,243.4
2022,P,27.6,155,3.29,C+,C+,CR,3.5,3.09,0.31,N,N,Y,Y,Y,Barbri,0.89,,0,N,N,93.0,3.5,3.17,135.5,139.4,274.9
2022,P,25.3,153,3.73,B,A,B+,3.283,3.4,0.61,N,N,Y,Y,Y,Themis,0.88,,5,N,ColleenPotts,,4.0,4.33,156.5,160.4,316.9
2022,P,27.3,154,3.39,C+,B+,CR,3.092,2.99,0.2,N,N,Y,Y,Y,Themis,0.82,,0,Rosen,N,119.0,4.0,4.0,151.9,147.8,299.7
2022,P,28.1,155,3.7,C,C+,CR,2.842,3.28,0.51,N,N,Y,Y,Y,Barbri,0.97,,0,N,N,97.0,4.5,4.0,156.5,129.6,286.1
2022,P,33.4,158,2.82,C+,C,B+,3.116,3.45,0.69,N,N,Y,Y,Y,Barbri,0.66,,0,N,N,,3.5,3.33,137.9,147.8,285.7
2022,P,27.4,156,3.54,B,B+,CR,3.208,3.43,0.66,N,N,Y,Y,Y,Themis,0.9,,3,N,N,90.0,3.0,4.0,142.5,144.9,287.4
2022,P,27.9,160,3.87,B,B,CR,3.45,3.36,0.57,N,N,Y,Y,Y,Barbri,1.0,,5,N,BryanGreer,87.0,3.5,4.17,149.5,142.8,292.3
2022,P,28.2,157,3.2,A,A,A,3.625,3.6,0.82,N,N,Y,Y,Y,Themis,0.79,,0,N,N,93.0,5.0,3.67,156.5,148.5,305.0
2022,P,27.9,156,3.09,B,C,CR,3,3.18,0.39,N,N,Y,Y,Y,Barbri,0.95,,0,N,N,105.0,2.5,3.33,128.5,143.5,272.0
2022,P,28.4,153,3.66,B+,A,A,3.625,3.72,0.91,N,N,Y,Y,Y,Barbri,1.0,,0,N,N,88.0,4.5,4.0,156.5,149.3,305.8
2022,P,33.8,160,2.27,B,B,CR,3.15,3.44,0.67,N,N,Y,Y,Y,,,,0,N,N,,4.0,4.33,149.9,135.5,285.4
2022,P,32.0,150,3.24,A,B,CR,3.462,3.37,0.6,N,N,Y,Y,Y,Themis,0.66,,5,N,N,88.0,3.5,3.5,140.1,150.0,290.1
2022,P,28.7,155,3.07,B,C+,CR,2.739,2.9,0.13,N,N,Y,Y,Y,Themis,0.99,,3,Baldwin,N,87.0,4.5,3.0,142.5,147.1,289.6
2022,P,28.3,156,3.41,A,B,A,3.633,3.84,0.95,N,N,Y,Y,Y,Themis,0.94,,0,N,N,130.0,4.0,4.83,163.6,154.6,318.2
2022,P,28.2,157,3.18,B+,B,CR,3.526,3.56,0.79,N,N,Y,Y,Y,Barbri,0.9,,0,N,N,83.0,3.5,4.0,147.1,140.7,287.8
2022,P,27.6,149,3.55,A,B+,CR,3.281,3.29,0.52,N,N,Y,Y,Y,Barbri,1.0,,0,N,N,95.0,3.0,3.67,137.9,133.4,271.3
2022,P,29.1,153,3.26,B+,C+,CR,2.891,3.14,0.34,N,N,Y,Y,Y,,,,5,N,N,95.0,4.0,3.83,149.5,143.5,293.0
2022,P,28.4,155,3.69,B+,B+,B+,3.5,3.71,0.89,N,N,Y,Y,Y,Themis,0.77,,3,N,N,128.0,4.0,4.17,154.1,150.0,304.1
2022,P,27.8,146,3.87,B+,A,A,3.826,3.72,0.9,N,N,Y,Y,Y,Themis,0.89,,0,N,N,88.0,3.0,3.83,140.1,147.8,287.9
2022,P,27.4,157,3.2,B,B,B+,3.216,3.39,0.6,N,N,Y,Y,Y,Barbri,0.97,,5,N,HolleyMcDaniel,104.0,3.5,3.0,133.1,148.5,281.6
2022,P,27.9,149,3.89,B,B+,B+,3.066,3.06,0.26,N,N,Y,Y,Y,Themis,0.8,,0,Rosen,N,96.0,3.0,3.33,133.1,140.7,273.8
2022,P,27.9,157,3.7,B,C+,B,2.907,3.21,0.45,N,N,Y,Y,Y,Themis,0.91,,0,N,TylynnPayne,105.0,4.5,3.67,151.9,151.5,303.4
2022,P,27.9,158,3.45,B,B,CR,3.125,3.13,0.33,N,N,Y,Y,Y,Themis,0.79,,0,N,N,89.0,4.5,3.5,149.5,136.1,285.6
2022,P,28.9,160,3.9,B,B+,CR,3.605,3.52,0.71,N,N,Y,Y,Y,Themis,0.87,,0,N,N,110.0,4.5,4.0,156.5,153.8,310.3
2022,P,36.6,160,3.37,A,B+,A,3.95,3.96,0.98,N,N,Y,Y,Y,Themis,0.81,,2,N,N,121.0,4.5,4.0,156.5,157.0,313.5
2022,P,28.3,156,3.86,A,B+,A,3.942,3.92,0.98,N,N,Y,Y,Y,Barbri,0.95,,0,N,N,123.0,3.5,4.33,151.9,158.7,310.6
2022,P,28.3,157,3.28,B+,C+,B,3.3,3.42,0.63,N,N,Y,Y,Y,Themis,0.9,,0,N,JustinPlescha,93.0,5.0,4.0,161.2,153.1,314.3
2022,P,27.8,155,3.55,B,C+,CR,3.093,3.02,0.22,N,N,Y,Y,Y,,,,0,Smith,ColeShooter,82.0,4.0,2.83,135.5,140.7,276.2
2022,P,28.0,156,2.88,B+,B+,A,3.326,3.52,0.72,N,N,Y,Y,Y,Barbri,1.0,,5,N,MerylBenham,99.0,5.0,4.0,161.2,152.3,313.5
2022,P,27.3,156,3.25,B+,B+,C+,2.833,2.91,0.14,Y,N,Y,Y,Y,Themis,0.75,,0,Keffer,ColleenByrom,97.0,3.5,4.0,147.1,139.4,286.5
2022,P,28.1,157,3.43,A,A,A,3.923,3.76,0.93,N,N,Y,Y,Y,Barbri,0.94,,0,N,N,110.0,4.0,4.33,156.5,147.8,304.3
2022,P,34.9,155,3.22,B+,B+,CR,3.437,3.61,0.83,N,N,Y,Y,Y,,,,0,N,N,,4.5,4.33,154.8,159.7,314.5
2022,P,27.5,157,3.75,B+,B+,CR,3.725,3.71,0.9,N,N,Y,Y,Y,Barbri,0.92,,0,N,N,111.0,4.5,4.0,156.5,157.9,314.4
2022,P,32.9,155,3.46,A,A,A,3.733,3.81,0.94,N,N,Y,Y,Y,Themis,0.99,,5,N,AshleySanders,111.0,4.5,4.67,165.9,157.9,323.8
2022,P,27.3,156,3.51,B,A,CR,3.5,3.52,0.73,N,N,Y,Y,Y,Themis,0.41,,0,N,N,98.0,4.5,4.33,161.2,146.3,307.5
2022,P,27.5,156,3.42,B,C+,B,3.055,3.11,0.32,N,N,Y,Y,Y,Themis,0.87,,1,Sherwin,N,87.0,4.0,3.33,142.5,128.3,270.8
2022,P,26.2,153,4.12,B,A,A,3.5,3.47,0.7,N,N,Y,Y,Y,Themis,0.85,,0,N,N,97.0,4.5,3.83,154.1,149.3,303.4
2022,P,32.1,157,2.67,C+,C+,CR,3.282,3.2,0.41,N,N,Y,Y,Y,Themis,0.91,,0,N,N,107.0,3.0,3.83,140.1,157.9,298.0
2022,P,28.0,157,3.53,B+,A,CR,3.9,3.64,0.86,N,N,Y,Y,Y,Barbri,0.87,,0,N,N,99.0,4.0,4.5,158.9,136.1,295.0
2022,P,27.3,153,3.74,B,B,CR,3.208,3.06,0.27,N,N,Y,Y,Y,Themis,0.7,,0,Sherwin,PaulaMillan,76.0,3.0,3.5,135.5,138.0,273.5
2022,P,27.9,154,3.22,A,B+,CR,3.673,3.37,0.59,N,N,Y,Y,Y,Barbri,0.85,,0,N,N,97.0,3.0,4.17,144.9,136.7,281.6
2022,P,27.4,145,3.21,B,B+,CR,3.531,3.3,0.52,N,N,Y,Y,Y,Barbri,0.99,,0,N,N,90.0,4.5,3.83,154.1,140.1,294.2
2022,P,27.7,154,3.4,C,C,CR,2.2,2.98,0.17,N,Y,Y,Y,Y,Themis,0.7,,5,Sherwin,N,103.0,4.5,3.0,142.5,136.1,278.6
2022,P,29.9,158,3.38,B+,B,CR,3.65,3.54,0.78,N,N,Y,Y,Y,Barbri,0.96,,0,N,N,104.0,5.5,4.5,173.0,140.7,313.7
2022,P,27.9,150,3.64,C+,C,C+,2.326,2.73,0.07,Y,N,Y,Y,Y,Themis,0.86,,5,Saavedra,N,,3.0,3.83,140.1,130.9,271.0
2022,P,29.7,152,3.75,C+,C+,CR,2.775,3.31,0.54,N,N,Y,Y,Y,Themis,1.0,,0,N,N,,3.5,4.33,151.9,153.1,305.0
2022,P,29.2,156,3.6,B+,B+,B,3.4,3.24,0.48,N,N,Y,Y,Y,Themis,0.85,,0,N,DeirdreWard,87.0,5.0,3.67,156.5,149.3,305.8
2022,P,26.3,157,4.0,A,A,A,3.894,3.88,0.96,N,N,Y,Y,Y,Barbri,0.99,,0,N,DeirdreWard,107.0,4.5,4.17,158.9,167.6,326.5
2022,P,35.7,153,3.52,B+,B,B+,3.166,3.2,0.43,N,N,Y,Y,Y,Themis,0.46,,0,N,N,85.0,4.0,3.83,149.5,153.1,302.6
2022,P,38.4,155,3.78,A,B+,B,3.65,3.69,0.88,N,N,Y,Y,Y,Themis,0.74,,0,N,HoltonWestbrook,102.0,3.5,4.5,154.1,150.0,304.1
2022,P,30.7,152,3.48,C,C+,CR,2.343,2.98,0.17,N,N,Y,Y,Y,Themis,0.85,,5,Sherwin,ColleenPotts,79.0,4.0,3.33,142.5,137.4,279.9
2022,P,28.9,158,3.02,B,B,CR,3.35,3.43,0.65,N,N,Y,Y,Y,Themis,0.85,,1,N,N,91.0,4.0,4.17,154.1,156.2,310.3
2022,P,48.3,156,2.74,D+,B,B+,3.076,3.17,0.37,N,N,Y,Y,Y,Themis,0.89,,0,N,MistyPratt,97.0,2.5,4.17,140.1,140.7,280.8
2022,P,28.2,157,3.63,C+,B+,B+,3.066,3.31,0.53,N,N,Y,Y,Y,Themis,0.72,,5,N,DanielleSaavedra,87.0,3.0,4.17,144.9,144.2,289.1
2022,P,27.2,157,3.69,B,C+,A,3.021,2.89,0.13,N,N,Y,Y,Y,Themis,0.82,,0,Sherwin,N,101.0,4.5,4.0,156.5,132.8,289.3
2022,P,27.5,156,3.64,B,A,B+,3.25,3.43,0.65,N,N,Y,Y,Y,Barbri,0.8,,0,N,N,121.0,4.0,3.33,142.5,148.5,291.0
2022,P,27.3,156,3.23,A,C+,CR,3.145,3.4,0.62,Y,N,Y,Y,Y,Themis,0.97,,2,N,MikelaBryant,89.0,4.0,3.83,149.5,135.4,284.9
2022,P,28.0,154,3.97,B+,B+,CR,3.156,3.54,0.75,N,N,Y,Y,Y,Barbri,1.0,,5,N,MikelaBryant,87.0,3.0,3.83,140.1,142.8,282.9
2022,P,27.7,151,3.46,B,B,B,2.947,3.06,0.28,N,N,Y,Y,Y,Quimbee,,,2,Christopher,N,99.0,3.5,3.0,133.1,147.8,280.9
2022,P,28.8,165,3.47,B+,B,B+,3.4,3.55,0.79,N,N,Y,Y,Y,Themis,0.72,,1,N,N,101.0,4.5,3.83,154.1,153.1,307.2
2022,P,27.9,160,3.81,B,B+,CR,3.656,3.69,0.88,N,N,Y,Y,Y,Themis,0.99,,1,N,N,99.0,3.0,4.5,149.5,159.5,309.0
2022,P,30.5,155,3.04,B+,B+,CR,3.281,2.96,0.16,Y,N,Y,Y,Y,Barbri,0.87,,5,Chapman,N,93.0,3.5,3.17,135.5,134.1,269.6
2022,P,30.1,154,3.19,B+,B+,A,3.233,3.44,0.68,N,N,Y,Y,Y,Themis,0.87,,1,N,N,104.0,2.5,3.67,133.1,147.8,280.9
2022,P,25.9,159,3.96,B+,B+,CR,3.722,3.57,0.8,N,N,Y,Y,Y,Barbri,0.78,,1,N,N,107.0,4.0,3.17,140.1,144.2,284.3
2022,P,29.3,157,3.17,C+,D+,C+,2.608,3.05,0.24,N,N,Y,Y,Y,Themis,0.99,,5,Humphrey,N,111.0,5.0,4.17,163.6,154.6,318.2
2022,P,28.2,155,3.34,B,B,B+,3.333,3.44,0.68,N,N,Y,Y,Y,Themis,0.85,,1,N,N,94.0,4.0,4.33,156.5,141.4,297.9
2022,P,28.1,154,3.21,B+,B,B+,3.083,3.34,0.56,N,N,Y,Y,Y,Barbri,1.0,,0,N,VictoriaWhitehead,83.0,3.5,3.83,144.9,144.2,289.1
2022,P,27.7,157,3.41,B,B,CR,3.342,3.54,0.75,N,N,Y,Y,Y,Themis,0.95,,5,N,ClayElliott,114.0,4.0,3.67,147.1,150.0,297.1
2022,P,27.9,155,3.56,A,C,CR,3.375,3.62,0.85,N,N,Y,Y,Y,Barbri,0.95,,1,N,DolphWenzel,124.0,5.0,3.5,154.1,157.0,311.1
2022,P,28.8,160,3.52,C+,C+,C+,3,3.03,0.23,N,N,Y,Y,Y,Themis,0.89,,0,Humphrey,JosephAustin,79.0,2.5,4.17,140.1,155.4,295.5
2022,P,28.9,155,2.78,C+,B,CR,3.037,3.43,0.64,N,N,Y,Y,Y,Barbri,0.69,,1,N,N,95.0,3.0,3.83,140.1,137.4,277.5
2022,P,27.5,154,3.28,C+,B+,B+,2.833,3.07,0.3,N,N,Y,Y,Y,Themis,0.89,,0,N,LauraMcDivitt,116.0,4.5,4.67,165.9,147.8,313.7
2022,P,29.8,152,3.22,B,C,C,2.59,2.62,0.04,N,N,Y,Y,Y,,,,5,Christopher,SaraThornton,102.0,4.0,3.33,142.5,133.4,275.9
2022,P,31.2,153,3.26,A,B+,A,3.711,3.74,0.92,N,N,Y,Y,Y,Themis,0.84,,0,N,N,,3.5,3.83,144.9,149.3,294.2
2022,P,29.3,151,2.96,B,B,CR,3.342,3.37,0.58,N,N,Y,Y,Y,Barbri,1.0,,0,N,N,87.0,3.0,3.83,140.1,138.0,278.1
2022,P,27.4,155,3.97,A,B+,A,3.944,3.89,0.97,N,N,Y,Y,Y,Themis,0.86,,2,N,Y-DanielleSaavedra,110.0,4.5,5.33,175.2,163.9,339.1
2022,P,28.2,156,3.08,B,D,A,3,3.53,0.74,N,N,Y,Y,Y,Barbri,0.93,,0,N,N,,3.5,4.0,139.8,149.5,289.3
2022,P,27.9,157,3.36,B,B,B,2.954,3.06,0.29,N,N,Y,Y,Y,Barbri,0.75,,0,N,N,99.0,3.0,3.17,130.9,146.3,277.2
2022,P,31.2,154,3.26,B+,C+,B+,3.391,3.54,0.76,N,N,Y,Y,Y,Barbri,1.0,,1,N,HollyHaseloff,111.0,3.5,2.83,130.9,139.4,270.3
2022,P,27.5,157,3.02,B,C+,C+,2.55,3.01,0.21,N,N,Y,Y,Y,Themis,0.69,,1,Sherwin,N,98.0,4.0,3.5,144.9,153.8,298.7
2022,P,28.0,155,3.53,B,B+,CR,3.55,3.77,0.94,N,N,Y,Y,Y,Themis,1.0,,0,N,N,114.0,4.5,4.5,163.6,168.6,332.2
2022,P,34.0,156,2.21,A,C+,CR,2.907,3.33,0.55,N,N,Y,Y,Y,Barbri,1.0,,0,N,N,99.0,3.5,3.33,137.9,150.8,288.7
2022,P,28.1,149,3.57,C,B,B,2.807,3.19,0.4,N,N,Y,Y,Y,Themis,0.87,,0,N,N,99.0,2.5,2.83,121.5,153.8,275.3
2022,P,29.4,155,3.21,B,C,C+,2.673,3.0,0.21,N,N,Y,Y,Y,Themis,0.99,,0,Chapman,N,84.0,4.5,3.5,149.5,139.4,288.9
2022,P,29.6,153,3.76,B+,B+,B+,3.266,3.58,0.81,N,N,Y,Y,Y,Barbri,0.86,,2,N,N,92.0,4.5,3.83,154.1,146.3,300.4
2022,P,27.1,149,3.83,A,A,A,4,3.98,0.99,N,N,Y,Y,Y,Barbri,0.97,,0,N,N,111.0,4.5,3.67,151.9,153.1,305.0
2022,P,35.2,158,2.72,C+,D,C+,2.3,2.62,0.03,N,Y,Y,Y,Y,Barbri,1.0,,0,N,N,107.0,3.5,3.17,135.5,145.6,281.1
2022,P,28.1,155,3.72,A,B,CR,3.375,3.54,0.77,N,N,Y,Y,Y,Barbri,0.93,,0,N,N,104.0,4.0,3.17,140.1,148.5,288.6
2022,P,29.0,154,3.32,A,B,CR,3.812,3.62,0.84,N,N,Y,Y,Y,,,,0,N,N,95.0,4.0,3.83,149.5,158.7,308.2
2023,F,31.8,150,3.73,D+,D+,C+,2.466,2.94,0.2,Y,Y,N,N,N,Kaplan,,Y,1,Saavedra,N,,3.0,3.17,129.5,136.0,265.5
2023,F,31.0,159,3.44,B+,C+,C+,2.466,2.7,0.06,N,N,N,N,N,Kaplan,0.11,N,0,McDonald,N,,2.5,3.0,121.7,111.6,233.3
2023,F,29.6,159,2.84,B+,B,B,2.966,2.96,0.23,N,N,N,N,N,Kaplan,0.24,N,0,Christopher,N,,2.5,4.0,137.3,119.6,256.9
2023,F,42.0,146,3.22,C+,B,B+,3.033,3.11,0.36,Y,N,N,N,N,Barbri,0.97,N,1,N,N,,2.5,2.83,119.1,130.6,249.7
2023,F,26.6,157,3.25,B+,B,B,2.966,2.92,0.18,N,N,N,N,N,Themis,0.22,N,1,N,N,,2.0,3.33,121.7,140.7,262.4
2023,F,28.4,144,2.86,B,,B,,3.05,0.3,Y,N,N,N,N,Themis,0.9,Y,5,Saavedra,N,,3.5,2.33,121.7,138.7,260.4
2023,F,28.1,148,3.49,B,B+,B+,2.3,3.03,0.28,N,Y,N,N,N,Barbri,0.7,Y,5,N,DeirdreWard,,2.5,2.67,116.4,127.4,243.8
2023,F,28.0,153,3.39,B,B,A,2.833,3.07,0.33,N,N,N,N,N,Themis,0.93,N,3,N,PaulaMilan,,3.0,2.33,116.4,135.3,251.7
2023,F,25.3,152,3.93,B+,B,B,2.883,2.77,0.05,N,N,N,N,Y,,,N,0,Gonzalez,N,,2.0,3.0,116.4,122.8,239.2
2023,F,27.2,155,3.22,C+,C+,C+,2.5333,2.73,0.03,N,N,N,N,N,Barbri,0.86,N,3,Keffer,N,,3.0,3.67,137.3,128.7,266.0
2023,P,41.0,157,2.01,B,B,B+,2.633,2.85,0.09,N,N,N,N,N,Themis,0.91,N,1,Christopher,N,,3.5,3.83,145.0,154.0,299.0
2023,P,32.2,159,2.08,B,B+,B,3.416,3.37,0.65,N,N,N,N,N,Themis,0.56,N,0,N,N,,3.5,3.17,134.6,141.4,276.0
2023,P,26.7,152,3.61,B,B,B,3.083,3.29,0.6,N,N,N,N,Y,Barbri,0.98,N,5,N,JohnMoore,,5.0,3.83,160.6,147.9,308.5
2023,P,26.9,157,3.57,B+,C+,B,3.233,3.58,0.82,N,N,N,N,Y,Themis,0.62,N,0,N,N,,4.5,4.83,170.8,154.8,325.6
2023,P,29.0,157,3.3,B+,B,B,3.5,3.7,0.88,N,N,N,N,N,Barbri,0.99,N,1,N,GrantCoffey,,3.5,3.83,145.0,143.5,288.5
2023,P,27.2,156,2.87,B+,C+,C+,2.95,3.19,0.46,N,N,N,N,Y,Barbri,0.99,N,2,N,N,,4.0,4.17,155.3,136.0,291.3
2023,P,26.8,157,3.8,C,B+,B,2.666,3.04,0.29,N,N,N,N,Y,Barbri,0.96,N,1,N,ColleenPotts,,4.5,4.17,160.6,136.6,297.2
2023,P,28.2,155,3.1,A,B,B,3.033,3.09,0.35,Y,N,N,N,N,Themis,0.94,N,0,N,N,,4.0,3.5,145.0,134.0,279.0
2023,P,26.2,157,3.71,B,B,B,3.35,3.47,0.75,N,N,N,N,Y,Barbri,1.0,N,0,N,N,,4.0,4.17,155.3,144.2,299.5
2023,P,27.6,158,2.74,B,B,C+,2.5,2.95,0.23,N,N,N,N,N,Themis,0.8,Y,5,Keffer,ColeShooter,,4.0,3.83,150.2,150.1,300.3
2023,P,26.8,155,3.65,B,B+,A,3.366,3.5,0.78,N,N,N,N,N,Barbri,0.88,Y,5,N,N,,3.5,4.33,152.8,134.6,287.4
2023,P,27.0,155,3.59,C+,B+,C+,2.816,3.2,0.49,N,N,N,N,Y,Barbri,1.0,N,0,N,N,,4.5,4.33,163.0,142.8,305.8
2023,P,30.2,160,2.38,B+,C,C+,2.95,3.27,0.56,N,N,N,N,Y,Themis,0.86,N,0,N,RebekaLuna,,4.0,4.5,160.6,155.6,316.2
2023,P,28.2,152,3.09,B+,B+,A,3.6,3.73,0.9,Y,N,N,N,N,Barbri,0.99,N,0,N,N,,4.0,3.67,147.5,156.4,303.9
2023,P,27.4,156,3.6,B,B,C+,2.966,3.0,0.27,N,N,N,N,Y,Barbri,0.98,N,5,N,N,,3.5,3.67,142.4,142.1,284.5
2023,P,26.9,155,3.77,C,B+,B+,3.266,3.44,0.73,N,N,N,Y,N,Barbri,0.99,N,5,N,N,,4.0,4.17,155.3,155.6,310.9
2023,P,28.2,155,3.04,A,B+,B+,3.766,3.82,0.93,N,N,N,N,N,Barbri,0.85,N,1,N,N,,5.0,5.17,181.2,150.1,331.3
2023,P,26.4,155,3.44,A,B+,B,3.316,3.57,0.82,N,N,N,N,N,Barbri,0.86,N,0,N,N,,4.0,3.67,147.5,147.1,294.6
2023,P,26.6,162,3.86,C+,C+,C+,2.583,2.86,0.1,N,N,N,N,N,Barbri,0.64,N,4,Corn,N,,3.0,4.0,142.4,131.3,273.7
2023,P,37.0,161,2.94,B,B+,B+,3.5,3.43,0.7,Y,N,N,Y,N,Themis,0.88,Y,4,N,N,,5.0,3.33,152.8,145.7,298.5
2023,P,31.5,151,3.66,C,B,B,2.716,3.05,0.32,N,N,N,N,N,Themis,0.9,N,3,N,MerylBenham,,2.5,4.0,137.3,147.9,285.2
2023,P,25.3,160,4.0,B+,B,B,3.05,3.28,0.58,N,N,N,N,N,Themis,0.91,N,3,N,DenetteVaughn,,4.0,4.67,163.0,142.8,305.8
2023,P,27.0,155,3.7,C+,B,C+,2.316,2.92,0.17,N,Y,Y,Y,N,Themis,0.85,N,3,Lux,KatyCrocker,,4.5,4.0,157.9,143.5,301.4
2023,P,29.4,159,3.23,B,B+,B+,3.433,3.57,0.82,Y,N,N,N,N,Barbri,0.92,N,1,N,N,,3.0,4.17,145.0,163.2,308.2
2023,P,26.9,157,3.87,A,A,B+,3.516,3.64,0.86,N,N,N,N,N,Themis,0.75,Y,5,N,CadyMello,,2.5,4.0,137.3,156.4,293.7
2023,P,26.5,156,3.33,C+,C,B,2.583,2.88,0.12,N,N,N,N,N,Barbri,0.98,N,0,N,N,,3.5,4.0,147.5,138.7,286.2
2023,P,27.1,156,3.3,B+,B+,B,3.45,3.68,0.87,N,N,N,N,N,Barbri,0.91,N,1,N,AshleyPirtle,,4.0,3.67,147.5,154.0,301.5
2023,P,26.6,154,3.81,B,B,B,2.983,3.36,0.63,Y,N,N,Y,Y,Barbri,1.0,N,5,N,N,,5.5,4.33,173.5,147.9,321.4
2023,P,26.1,151,4.04,B+,A,A,3.733,3.81,0.92,N,N,N,Y,N,Themis,0.87,N,0,N,N,,4.0,4.33,157.9,166.9,324.8
2023,P,28.2,159,3.07,B,C,C+,2.766,3.2,0.49,N,N,N,N,N,Kaplan,0.96,N,3,N,N,,4.0,3.83,150.2,163.2,313.4
2023,P,25.7,154,3.93,B+,B+,A,3.7,3.71,0.89,N,N,N,N,N,Themis,0.89,N,0,N,N,,4.5,4.83,170.8,157.2,328.0
2023,P,26.6,153,3.69,B+,B+,B,2.916,3.05,0.32,N,N,N,N,Y,Themis,0.93,Y,5,N,QuentinWetsel,,3.0,3.67,137.3,146.4,283.7
2023,P,29.1,155,3.29,A,B,B,3.533,3.46,0.74,N,N,N,N,Y,Themis,1.0,N,1,N,DavidRice,,4.5,4.67,168.3,156.4,324.7
2023,P,26.5,156,3.71,C+,B,B,3.116,3.27,0.57,N,N,N,Y,Y,Barbri,1.0,Y,2,N,AshleySanders,,4.0,3.83,150.2,138.0,288.2
2023,P,28.5,159,3.79,C+,C+,C,2.816,2.95,0.21,N,N,N,N,N,Themis,0.6,Y,5,RSherwin,N,,2.5,3.0,121.7,150.9,272.6
2023,P,32.3,157,3.0,A,C+,D,2.916,2.79,0.06,N,N,N,N,N,Barbri,0.93,N,1,RSherwin,N,,3.0,4.17,145.0,156.4,301.4
2023,P,27.7,162,4.01,B+,A,A,3.5,3.35,0.62,N,N,N,N,Y,Themis,0.4,N,5,N,N,,3.5,3.67,142.4,145.0,287.4
2023,P,26.5,158,3.82,A,B,A,3.766,3.83,0.94,N,N,N,Y,Y,Barbri,1.0,Y,5,N,ClayElliott,,4.0,4.5,160.6,165.9,326.5
2023,P,29.3,155,3.5,B,C,C+,2.9,2.94,0.2,N,N,N,N,N,,,N,0,N,N,,2.5,3.33,126.9,151.6,278.5
2023,P,25.7,160,3.63,A,A,A,3.733,3.77,0.91,N,N,N,N,N,,,N,0,N,N,,5.0,4.0,163.0,159.7,322.7
2023,P,28.9,145,3.81,C+,C+,C,2.316,2.94,0.2,N,N,N,N,N,Themis,0.77,Y,5,Chapman,N,,4.5,4.0,157.9,151.6,309.5
2023,P,25.4,151,3.84,B+,C+,B,2.916,3.19,0.47,N,N,N,N,N,Themis,0.94,Y,5,N,N,,4.5,4.0,157.9,135.3,293.2
2023,P,23.1,159,3.13,B,C,C,2.45,2.72,0.01,N,Y,N,N,Y,Themis,0.67,N,0,McDonald,N,,4.5,3.83,155.3,150.9,306.2
2023,P,26.4,158,3.49,B,B,B,2.85,3.12,0.4,N,N,N,N,Y,Barbri,1.0,N,5,N,N,,4.0,4.67,163.0,154.0,317.0
2023,P,27.7,155,3.56,B+,A,B+,3.383,3.36,0.64,N,N,N,N,N,Themis,0.57,N,0,N,N,,4.0,3.33,142.4,134.6,277.0
2023,P,33.9,156,2.83,B,B,A,3.283,3.44,0.72,N,N,N,N,N,Barbri,0.98,N,0,N,N,,4.5,4.33,163.0,154.0,317.0
2023,P,31.2,156,3.5,B+,B,B,3.166,3.21,0.5,Y,N,N,Y,Y,,,N,0,N,N,,5.0,3.33,152.8,151.6,304.4
2023,P,29.3,153,3.93,B,A,B+,3.5,3.63,0.85,N,N,N,N,N,Barbri,0.99,N,3,N,N,,3.0,4.17,145.0,154.0,299.0
2023,P,26.0,157,4.0,A,B+,B+,3.783,3.87,0.96,N,N,N,Y,N,Barbri,0.85,N,0,N,LauraFidelie,,4.0,4.33,157.9,163.2,321.1
2023,P,34.0,155,3.57,B+,B+,B+,3.2,3.24,0.53,N,N,N,N,N,Barbri,1.0,N,0,N,N,,3.0,3.83,139.7,148.6,288.3
2023,P,26.2,157,3.36,B,C+,C+,3.1,3.24,0.52,N,N,N,Y,Y,Themis,0.66,N,0,N,N,,3.5,4.67,157.9,149.4,307.3
2023,P,24.9,154,4.0,B+,B,B,3.083,3.47,0.76,N,N,N,N,N,Barbri,1.0,Y,5,N,N,,3.5,3.5,139.7,149.4,289.1
2023,P,37.1,156,3.81,B+,A,A,3.383,3.26,0.56,N,N,N,N,Y,Themis,0.27,N,0,N,N,,3.5,3.83,145.0,138.0,283.0
2023,P,27.3,162,3.99,A,A,A,4,3.99,0.99,N,N,N,N,N,Themis,0.81,N,4,N,N,,4.0,4.67,163.0,174.9,337.9
2023,P,26.3,157,3.96,B,C+,D,2.3,2.44,0.0,N,Y,N,Y,N,Barbri,0.43,N,0,Lux,N,,5.0,3.0,147.5,126.7,274.2
2023,P,42.1,150,3.52,C,B,C+,2.266,2.79,0.06,N,Y,N,Y,Y,Barbri,0.99,N,5,Chapman,N,,3.0,2.83,124.2,147.1,271.3
2023,P,32.2,158,2.44,B+,A,A,3.8,3.84,0.95,N,N,N,N,Y,Barbri,0.98,Y,5,N,N,,4.0,4.67,163.0,159.7,322.7
2023,P,32.9,156,3.38,C+,C+,B,2.783,2.87,0.11,N,N,N,N,N,Barbri,0.93,N,5,Keffer,N,,4.0,2.83,134.6,136.0,270.6
2023,P,27.7,157,3.59,B,B,B+,3.066,2.98,0.25,N,N,N,N,Y,Barbri,0.74,N,0,N,N,,4.5,4.0,157.9,142.1,300.0
2023,P,26.9,157,3.84,C+,B+,B+,2.833,3.36,0.65,N,N,N,N,N,Themis,0.8,N,0,N,N,,3.5,3.5,139.7,146.4,286.1
2023,P,32.2,158,3.06,A,B+,B,3.583,3.38,0.68,N,N,N,N,N,Barbri,0.73,N,0,N,N,,4.0,4.33,157.9,138.7,296.6
2023,P,28.9,158,3.14,C+,B+,B,2.95,3.13,0.42,N,N,N,N,N,Themis,0.85,N,2,N,N,,4.0,4.5,160.6,155.6,316.2
2023,P,33.6,154,3.44,B+,B,B,2.95,3.19,0.48,Y,N,N,N,N,Themis,0.73,N,0,N,MelissaWaggoner,,3.5,4.17,150.2,124.8,275.0
2023,P,27.2,158,3.88,B+,B,B,3.333,3.5,0.78,N,N,N,N,N,,,N,0,N,N,,4.0,4.5,160.6,145.7,306.3
2023,P,26.5,149,3.55,B+,A,A,3.683,3.73,0.9,N,N,N,N,N,Barbri,0.87,N,0,N,N,,3.0,4.0,142.4,158.8,301.2
2023,P,26.0,155,3.95,B,B,C+,2.833,2.97,0.25,N,N,N,N,N,Themis,0.85,N,4,McDonald,N,,2.5,4.17,139.7,152.4,292.1
2023,P,28.4,150,3.68,B,B+,B,2.95,3.17,0.46,N,N,N,N,N,Barbri,0.9,N,0,N,N,,3.0,3.83,139.7,130.6,270.3
2023,P,27.6,154,3.72,B,C+,B,3.366,3.59,0.84,N,N,N,N,Y,Barbri,0.94,N,3,N,N,,3.5,4.17,150.2,151.6,301.8
2023,P,27.1,157,2.93,B,C+,C,2.65,2.98,0.26,N,N,N,N,N,Barbri,1.0,N,3,N,N,,3.5,3.5,139.7,147.1,286.8
2023,P,28.4,152,3.3,A,B,B+,3.133,3.26,0.56,Y,N,N,N,N,Themis,0.69,N,3,N,AmberBeard,,3.5,3.67,142.4,138.0,280.4
2023,P,31.1,158,2.91,C,C+,B,2.783,3.09,0.35,N,N,N,N,N,Barbri,0.99,Y,3,N,ReidLollis,,4.0,3.67,147.5,132.6,280.1
2023,P,28.8,148,3.46,D+,C+,B,2.5,3.29,0.59,Y,Y,N,N,N,Themis,0.93,Y,5,N,MariaOviedo,,3.0,3.67,137.3,136.6,273.9
2023,P,26.9,152,3.71,A,B+,B,3.107,3.43,0.7,N,N,N,N,N,Barbri,1.0,N,0,N,N,,3.5,4.33,152.8,149.4,302.2
2023,P,26.9,141,3.35,,,B+,,3.44,0.72,Y,N,N,N,N,Themis,0.76,N,2,N,N,,3.5,4.83,160.6,134.0,294.6
2023,P,37.2,154,3.71,B+,A,A,3.75,3.84,0.96,N,N,N,Y,Y,Barbri,0.99,N,1,N,N,,4.0,3.5,145.0,145.0,290.0
2023,P,28.1,149,3.95,B,B,B+,3.15,3.31,0.61,N,N,N,N,N,Themis,0.84,N,2,N,DeirdreWard,,3.5,4.67,157.9,140.0,297.9
2023,P,26.9,155,2.97,C+,C+,B,2.966,3.12,0.38,N,N,N,N,Y,Barbri,1.0,Y,5,N,N,,4.0,4.5,160.6,147.9,308.5
2023,P,29.2,148,2.86,,,,3,3.25,0.54,N,N,N,N,Y,Barbri,0.93,Y,2,N,N,,4.0,3.5,145.0,145.7,290.7
2023,P,27.6,151,3.87,C+,D+,C+,2.366,2.66,0.01,Y,Y,Y,N,N,Themis,0.74,N,0,Saavedra,N,,2.5,3.67,132.0,141.4,273.4
2023,P,33.5,158,3.41,A,B,C,3.116,3.3,0.61,N,N,N,N,N,Themis,0.7,N,3,N,N,,4.0,3.67,147.5,141.4,288.9
2023,P,26.6,155,3.94,B+,B,B,3.2,3.22,0.51,N,N,N,N,N,Barbri,0.9,N,1,N,N,,4.0,3.67,147.5,145.0,292.5
2023,P,27.1,157,3.45,B+,C,B+,3.083,3.37,0.66,N,N,N,N,N,Themis,1.0,N,5,N,N,,3.5,4.33,152.8,169.8,322.6
2023,P,25.4,152,3.28,C+,C,B+,2.466,2.77,0.04,Y,N,N,Y,Y,Themis,0.8,Y,4,Humphrey,N,,4.0,3.0,137.3,139.4,276.7
2023,P,26.1,159,3.35,B+,C+,C,2.65,2.9,0.15,N,N,N,N,N,Themis,0.88,N,1,N,N,,4.0,3.67,147.5,140.0,287.5
2023,P,27.8,156,2.88,C,B,B,2.85,3.17,0.45,N,N,N,N,Y,Barbri,0.87,N,1,N,N,,3.5,4.17,150.2,148.6,298.8
2023,P,26.2,153,3.72,B,B+,B+,3.066,3.13,0.41,N,N,N,N,N,Themis,0.44,Y,4,N,N,,2.5,3.33,126.9,142.8,270.0
2023,P,27.4,153,3.64,B+,B+,B,3.083,3.48,0.77,Y,N,N,N,Y,Barbri,1.0,N,5,N,N,,4.0,4.17,155.3,142.8,298.1
2023,P,33.6,157,3.83,A,B,B+,3.783,3.87,0.97,Y,N,N,Y,N,Barbri,1.0,Y,2,N,N,,5.0,5.17,181.2,160.5,341.7
2023,P,27.0,149,3.79,C,C+,C+,2.4,2.77,0.04,N,Y,Y,N,N,Themis,0.78,Y,0,N,N,,4.0,3.83,150.2,133.3,283.5
2023,P,27.7,158,3.29,D+,C+,C+,2.483,2.8,0.08,N,N,N,N,N,Barbri,0.77,N,3,Corn,N,,4.0,3.5,145.0,132.6,277.6
2023,P,26.8,155,3.6,B+,C+,B,3.016,3.12,0.39,N,N,N,N,Y,Kaplan,0.98,N,0,N,N,,4.0,4.33,157.9,150.1,308.0
2023,P,27.3,151,3.49,D+,C,C,2.366,3.12,0.38,Y,N,N,N,N,Themis,0.76,Y,5,N,N,,3.5,3.5,139.7,132.6,272.3
2023,P,32.3,159,4.0,A,A,A,4,3.98,0.99,N,N,N,Y,Y,,,N,1,N,N,,5.0,4.5,170.8,180.5,351.3
2023,P,33.7,161,3.13,C,B,C+,2.866,3.16,0.44,N,N,N,N,Y,Helix,,Y,0,N,N,,4.0,4.17,155.3,158.0,313.3
2023,P,26.5,157,3.6,C+,B,B,3.016,3.24,0.52,N,N,N,N,N,Themis,1.0,N,1,N,N,,4.0,3.67,147.5,132.6,280.1
2023,P,27.1,156,3.16,B+,B+,B,3.316,3.44,0.73,N,N,N,N,N,Themis,0.81,N,3,N,N,,4.5,3.0,142.4,150.1,292.5
2023,P,28.0,156,3.33,B,C,B,2.616,2.92,0.18,N,N,N,N,N,Quimbee,,Y,5,McDonald,N,,3.0,3.83,139.7,150.9,290.6
2023,P,39.1,158,2.78,A,B,A,3.383,3.59,0.83,Y,N,N,N,N,Themis,0.79,N,0,N,HaleyHickey,,3.5,3.83,145.0,132.0,277.0
2023,P,26.7,155,3.54,C+,C,B,2.866,2.95,0.22,N,N,N,N,N,,,N,1,Keffer,N,,3.0,4.17,145.0,143.5,288.5
2023,P,26.8,153,3.62,C+,C+,B+,2.833,3.12,0.39,N,N,N,N,Y,Themis,0.91,Y,2,N,BryanGreer,,4.0,3.67,147.5,147.1,294.6
2023,P,26.2,159,3.73,C+,B,A,3.066,3.05,0.3,N,N,N,N,N,Themis,0.9,N,0,N,N,,4.0,4.0,152.8,140.0,292.8
2023,P,26.7,152,3.79,C+,B+,B+,3,3.16,0.44,N,N,N,N,Y,Barbri,1.0,N,5,N,JulieDavis,,4.0,4.0,152.8,140.7,293.5
2023,P,26.3,156,3.65,B+,B+,B+,3.316,3.28,0.58,N,N,N,N,Y,Barbri,1.0,N,5,N,JordanChavez,,4.0,4.33,157.9,147.1,305.0
2023,P,28.9,152,2.58,C,C+,C,2.571,2.87,0.11,Y,N,N,N,N,Barbri,0.9,N,0,Lux,N,,4.0,3.5,145.0,138.0,283.0
2023,P,29.3,156,2.91,B,B,B,2.883,2.9,0.15,N,N,N,N,N,Themis,0.9,N,5,Gonzalez,N,,3.5,3.0,132.0,139.4,271.4
2023,P,27.5,162,3.47,A,B,B+,3.85,3.89,0.98,N,N,N,N,N,Barbri,1.0,N,0,N,N,,4.0,5.17,170.8,187.9,358.7
2023,P,26.4,156,3.75,B,B,B,3.166,3.39,0.68,N,N,N,N,N,Themis,0.66,N,0,N,N,,3.0,3.17,129.5,142.1,271.6
2023,P,36.1,159,2.46,B,C,C,2.816,3.07,0.34,N,N,N,N,N,Barbri,1.0,N,3,N,N,,3.5,3.67,142.4,161.4,303.8
2023,P,30.4,153,3.43,B+,B,B+,3.266,3.17,0.45,Y,N,N,N,N,Barbri,0.85,N,0,N,N,,4.0,4.17,155.3,154.8,310.1
2023,P,28.3,156,3.57,B,C,C,2.65,3.03,0.27,N,N,N,Y,Y,Themis,0.78,N,1,Lux,N,,3.5,3.67,142.4,159.7,302.1
2023,P,31.5,155,3.49,B+,A,A,3.433,3.6,0.85,N,N,N,N,N,Barbri,0.9,N,0,N,N,,4.5,3.67,152.8,149.4,302.2
2023,P,27.4,162,3.6,B+,B+,B+,3.766,3.84,0.95,N,N,N,N,N,Barbri,0.88,N,0,N,N,,4.5,4.67,168.3,160.5,328.8
2024,F,25.5,155,3.7,B,B,B,2.833,3.17,0.42,N,N,N,N,N,Kaplan,0.96,Y,4,N,MichaelEconomidis,,3.0,3.0,126.8,137.4,264.2
2024,F,25.2,156,3.66,B,B,B,2.716,2.83,0.18,N,N,Y,N,N,Barbri,0.61,Y,0,Keffer,AshleyPirtle,,3.0,2.5,129.2,129.9,259.1
2024,F,28.6,157,3.33,C+,C,C,2.55,2.46,0.01,N,N,Y,Y,N,Themis,0.97,N,0,Hardberger,N,,3.0,3.83,134.4,128.0,262.4
2024,F,26.6,156,3.71,C+,D+,C,2.416,2.63,0.03,N,N ,Y,N,Y,Kaplan,0.88,Y,4,Keffer,GrantCoffey,,2.0,2.83,124.2,136.1,260.3
2024,F,26.7,157,2.93,B,C+,C,2.35,2.69,0.06,N,Y,Y,N,Y,Barbri,0.93,Y,2,Christopher,N,,3.0,3.0,121.7,134.2,255.9
2024,F,27.1,158,3.28,C+,B,C,2.733,2.74,0.07,Y,N,N,N,Y,Themis,0.7,Y,0,Aycock,N,,2.0,2.5,119.3,126.8,246.1
2024,F,25.3,149,3.67,,,,,2.61,0.02,N,N,N,N,N,Barbri,0.7,N,0,Lux,N,,3.0,3.33,136.8,125.6,262.4
2024,F,27.6,153,3.53,C+,C+,C+,2.75,3.0,0.26,N,N,N,N,N,Barbri,0.86,Y,4,Lauriat,N,,3.0,2.83,134.4,133.0,267.4
2024,F,26.5,149,3.59,C,B+,B,2.783,3.03,0.28,N,N,N,N,N,Barbri,0.79,Y,0,RSherwin,N,,2.0,2.33,111.7,115.6,227.3
2024,F,33.8,157,2.63,C+,C+,C+,2.733,2.99,0.25,N,N,N,Y,Y,Themis,0.29,Y,1,Beyer,N,,1.0,2.83,129.2,118.7,247.9
2024,F,26.1,156,3.58,C+,A,B+,2.933,2.92,0.21,N,N,N,N,Y,Barbri,0.87,N,0,Lauriat,N,,3.0,3.0,121.7,145.2,266.9
2024,F,26.2,158,3.55,C,C+,B+,2.316,2.77,0.11,Y,Y,Y,Y,N,Barbri,0.72,Y,1,Lux,N,,2.0,3.0,126.8,123.1,249.9
2024,F,26.8,158,3.32,B,C+,B+,2.783,2.81,0.15,Y,N,N,N,N,Barbri,0.43,N,0,Chapman,MonicaReyes,,3.0,3.17,129.2,121.2,250.4
2024,F,23.7,154,4.0,B,C+,C+,2.266,2.77,0.12,N,Y,Y,N,N,Themis,0.9,Y,2,Lux,N,,5.0,3.0,131.8,136.1,267.9
2024,F,26.8,150,3.75,D+,B+,B+,2.433,2.99,0.26,N,Y,Y,N,N,Barbri,1.0,Y,0,Christopher,CadyMello,,3.0,2.67,126.8,124.9,251.7
2024,F,26.8,155,3.61,C+,C+,B+,2.633,3.07,0.33,Y,N,Y,N,Y,Themis,0.76,N,0,N,N,,4.0,2.67,116.7,129.9,246.6
2024,F,30.9,155,3.62,D+,B+,C+,2.4,2.57,0.01,N,N,Y,N,N,Barbri,0.97,Y,0,Arrington,N,,3.0,3.0,131.8,123.1,254.9
2024,F,25.7,150,3.28,B,C+,B+,2.466,2.79,0.14,N,N,Y,N,Y,Themis,0.81,Y,4,Humphrey,LeenaAl-Souki,,2.0,2.67,121.7,130.5,252.2
2024,F,26.9,151,3.48,C,B+,C+,2.75,3.1,0.35,N,N,N,Y,N,Kaplan,0.97,Y,4,N,WilliamWells,,3.0,2.67,126.8,142.5,269.3
2024,P,27.0,158,3.74,B,C+,B+,3.066,3.28,0.54,Y,N,N,N,N,Barbri,0.97,N,0,N,N,,2.5,3.5,134.4,156.4,290.8
2024,P,26.5,159,3.08,A,B+,B+,3.5,3.45,0.71,Y,N,N,N,Y,Themis,0.76,N,0,N,N,,4.5,3.33,151.9,153.5,305.4
2024,P,26.0,163,2.75,B+,C+,B+,3.066,3.22,0.48,N,N,N,N,N,Barbri,0.84,N,0,N,N,,3.5,3.67,146.9,158.7,305.6
2024,P,25.6,157,3.48,A,B+,B+,3.85,3.87,0.95,N,N,N,N,N,Barbri,0.84,N,0,N,N,,4.0,3.67,151.9,168.9,320.8
2024,P,25.5,156,3.56,C,B+,B+,2.866,3.24,0.53,Y,N,N,N,N,Themis,0.85,Y,0,N,N,,4.0,4.33,162.0,162.7,324.7
2024,P,26.6,156,3.57,A,A,A,3.483,3.64,0.86,N,N,N,N,N,Barbri,0.83,N,0,N,N,,3.5,3.33,141.9,149.9,291.8
2024,P,26.3,158,3.53,B+,B+,B+,3.633,3.74,0.92,N,N,N,N,Y,Barbri,1.0,N,0,N,N,,3.5,4.5,159.4,170.8,330.2
2024,P,25.9,157,3.46,B+,B+,B+,3.233,3.22,0.49,N,N,N,N,N,Barbri,0.91,Y,0,N,N,,3.0,4.5,154.4,154.9,309.3
2024,P,31.2,157,3.12,B+,B+,B+,3.25,3.45,0.71,Y,N,N,Y,Y,Themis,0.9,Y,0,N,WillRaftis,,5.0,3.67,162.0,158.7,320.7
2024,P,56.9,153,3.03,B,B,B,3.1,3.29,0.57,Y,N,N,N,N,Barbri,0.91,Y,4,N,N,,3.0,3.0,131.8,139.3,271.1
2024,P,24.7,157,3.48,C+,B,B,3.05,3.13,0.38,N,N,N,N,N,Barbri,1.0,Y,0,N,PaulaMilan,,4.0,4.0,157.0,140.0,297.0
2024,P,26.5,160,2.81,B,A,A,3.05,3.06,0.31,N,N,N,N,Y,Barbri,0.66,N,0,N,N,,3.5,3.33,141.9,141.2,283.1
2024,P,34.9,155,3.29,B+,C+,B,3.316,3.19,0.43,Y,N,N,N,Y,Barbri,0.92,N,0,N,N,,3.0,3.67,141.9,149.9,291.8
2024,P,26.7,161,3.88,A,B+,A,3.92,3.95,0.99,N,N,N,N,N,Barbri,1.0,N,0,N,HaleyHickey,,5.5,4.33,177.1,161.9,339.0
2024,P,29.9,157,3.39,B,A,C+,3.016,3.14,0.39,Y,N,N,N,Y,Kaplan,0.99,Y,0,N,TasiaEaslon,,3.0,3.0,131.8,146.5,278.3
2024,P,25.1,157,4.0,B,A,A,3.666,3.64,0.85,N,N,N,N,N,Barbri,1.0,Y,0,N,JessicaAycock,,4.5,4.33,167.0,152.0,319.0
2024,P,26.5,159,3.13,B+,B,C+,2.916,3.02,0.28,N,N,N,Y,Y,Barbri,0.97,Y,0,N,N,,3.0,3.83,144.3,149.9,294.2
2024,P,26.5,163,3.99,A,A,A,3.686,3.83,0.94,N,N,N,N,Y,Barbri,1.0,N,0,N,N,,3.5,5.33,172.1,175.9,348.0
2024,P,25.8,157,3.73,B+,B,C+,2.7,2.81,0.15,N,N,Y,N,N,Barbri,1.0,Y,0,Lauriat,N,,3.0,4.0,146.9,139.3,286.2
2024,P,26.9,158,2.82,B+,C+,C+,3.016,3.02,0.28,N,N,N,N,Y,Barbri,0.86,Y,4,Arrington,N,,4.0,3.67,151.9,147.2,299.1
2024,P,25.3,158,3.56,B+,B+,A,3.683,3.52,0.76,Y,N,N,N,N,Themis,0.89,N,0,N,N,,3.0,3.0,131.8,151.3,283.1
2024,P,25.9,154,3.87,C+,B,B,2.433,3.2,0.46,Y,Y,Y,N,N,Themis,0.71,Y,3,N,N,,4.0,4.0,157.0,159.5,316.5
2024,P,29.8,158,2.99,A,B,C+,3.25,3.44,0.68,N,N,N,N,N,Barbri,1.0,N,0,N,N,,4.0,4.0,157.0,154.9,311.9
2024,P,25.4,162,3.61,B+,B,C+,3.366,3.59,0.81,N,N,N,N,N,Barbri,1.0,N,0,N,N,,2.5,4.0,141.9,152.7,294.6
2024,P,26.6,154,3.33,B,A,A,3.3,3.4,0.65,N,N,N,N,N,Barbri,1.0,Y,0,N,N,,4.0,4.5,164.6,154.2,318.8
2024,P,30.5,159,3.52,B,B,C+,3.2,3.45,0.72,N,N,N,N,N,Barbri,0.86,N,1,N,N,,3.5,4.0,151.9,147.9,299.8
2024,P,25.5,157,3.76,D+,B,C+,2.816,3.05,0.3,N,N,N,N,Y,Themis,0.9,Y,2,Aycock,N,,4.0,3.33,146.9,153.5,300.4
2024,P,25.8,156,3.7,A,B+,A,3.833,3.92,0.98,N,N,N,N,N,Kaplan,1.0,Y,0,N,N,,3.0,3.83,144.3,151.3,295.6
2024,P,26.1,159,3.56,B+,B,B,3.1,3.09,0.34,N,N,N,N,Y,Barbri,1.0,Y,2,N,N,,3.0,4.0,146.9,159.5,306.4
2024,P,26.1,148,4.01,C+,B+,B+,2.966,3.12,0.36,Y,N,N,N,N,Themis,0.81,Y,2,N,N,,3.5,3.0,136.8,151.3,288.1
2024,P,26.3,157,3.02,B,C+,B,3.3,3.39,0.63,N,N,N,N,N,Themis,0.79,Y,1,N,WillRaftis,,3.5,4.0,151.9,132.4,284.3
2024,P,25.9,156,3.44,B,B,B,2.766,3.08,0.34,N,N,N,N,Y,Themis,0.77,Y,0,N,N,,3.0,3.67,141.9,155.7,297.6
2024,P,25.6,159,2.92,B,C+,C,2.816,2.69,0.05,N,N,N,N,Y,Themis,0.53,N,0,McDonald,N,,3.0,3.67,141.9,150.6,292.5
2024,P,27.9,159,3.99,A,B,B+,3.533,3.67,0.88,N,N,N,N,N,Barbri,0.96,Y,0,N,MadelynDeviney,,3.5,3.33,141.9,134.9,276.8
2024,P,25.9,168,3.96,B,B,B+,3.333,3.36,0.61,N,N,N,N,N,Barbri,0.88,N,0,N,KathleenGoegel,,3.5,4.67,162.0,157.2,319.2
2024,P,26.2,159,3.6,C+,B,C+,2.8,2.97,0.23,N,N,N,N,Y,Themis,0.78,Y,2,McDonald,ColleenPotts,,2.0,3.67,131.8,153.5,285.3
2024,P,25.8,150,3.81,B+,B,B+,3.266,3.39,0.64,N,N,N,N,N,Barbri,0.97,Y,0,N,N,,2.5,3.67,136.8,141.2,278.0
2024,P,26.6,160,3.37,A,C+,B,3.683,3.57,0.78,N,N,N,N,N,Barbri,0.79,Y,2,N,N,,3.0,3.5,139.3,150.6,289.9
2024,P,25.3,160,3.82,B+,B+,B+,3.6,3.55,0.77,N,N,N,N,N,Themis,0.61,N,0,N,N,,4.0,3.83,154.4,155.7,310.1
2024,P,31.0,152,3.56,C,C+,C+,2.5,2.98,0.23,N,N,Y,Y,Y,Themis,0.83,Y,4,Christopher,N,,4.0,4.0,157.0,161.1,318.1
2024,P,25.7,157,2.98,D+,C+,C,2.7,3.07,0.32,N,N,Y,Y,Y,,,Y,1,McDonald,N,,4.0,3.5,149.5,138.0,287.5
2024,P,23.5,153,3.96,B,B,B+,3.533,3.68,0.89,N,N,N,N,N,Themis,0.87,Y,0,N,N,,3.0,3.5,139.3,131.1,270.4
2024,P,25.1,164,4.04,A,B+,B+,3.833,3.9,0.97,N,N,N,N,N,Barbri,1.0,Y,1,N,N,,3.5,4.33,157.0,166.2,323.2
2024,P,29.6,158,3.67,B+,B,B+,3.6,3.6,0.83,Y,N,N,N,N,Themis,0.85,Y,4,N,N,,4.5,4.67,172.1,164.4,336.5
2024,P,45.7,154,3.66,B,B+,B+,3.2,3.29,0.57,N,N,N,N,N,Kaplan,1.0,Y,0,N,JacquelynnMayes,,4.5,3.83,159.4,154.9,314.3
2024,P,25.9,154,3.9,B+,B,C+,2.783,3.24,0.52,N,N,N,N,N,Barbri,1.0,Y,4,N,MadelynDeviney,,3.0,3.17,134.4,140.0,274.4
2024,P,24.3,156,3.83,B+,B+,B+,3.116,3.31,0.59,N,N,N,N,Y,Barbri,0.97,Y,0,N,N,,3.5,4.17,154.4,133.6,288.0
2024,P,56.7,154,3.22,B,B+,B+,3.483,3.52,0.75,N,N,N,Y,Y,Themis,0.92,Y,0,N,N,,2.5,4.33,146.9,157.2,304.1
2024,P,25.8,155,3.57,B+,B+,B+,3.7,3.73,0.91,N,N,N,N,N,Barbri,0.89,N,1,N,N,,4.0,4.0,157.0,157.2,314.2
2024,P,30.7,159,3.33,B,B,B,3.3,3.46,0.72,N,N,N,N,Y,Themis,0.76,Y,4,N,TravisWeibold,,4.0,4.17,159.4,157.2,316.6
2024,P,23.9,153,3.87,C+,B,C,2.466,3.03,0.29,Y,N ,Y,Y,Y,Themis,0.69,N,0,Corn,N,,4.5,4.17,164.6,161.1,325.7
2024,P,30.7,156,3.56,B+,B,B,3.416,3.44,0.67,N,N,N,N,Y,Themis,0.87,Y,1,N,LeenaAl-Souki,,4.5,3.67,157.0,160.3,317.3
2024,P,27.1,157,3.11,B,D+,D+,2.416,2.75,0.08,N,N,Y,N,N,Barbri,0.88,Y,0,Corn,N,,2.5,3.33,131.8,140.0,271.8
2024,P,28.2,157,3.72,B,A,A,3.433,3.38,0.63,N,N,N,N,N,Kaplan,0.84,N,0,N,N,,4.0,4.17,159.4,153.5,312.9
2024,P,27.6,157,3.52,B,C+,C+,2.95,3.13,0.37,Y,N,N,N,N,Themis,0.72,N,1,N,N,,3.0,3.33,136.8,149.9,286.7
2024,P,26.7,153,3.67,B+,B,B+,3.616,3.57,0.8,N,N,N,N,N,Barbri,0.94,Y,2,N,LaurenWelch,,3.5,4.17,154.4,149.2,303.6
2024,P,26.4,152,3.62,B+,B+,B+,3.233,3.23,0.51,Y,N,N,Y,N,Barbri,0.9,Y,0,N,N,,4.0,3.33,146.9,144.5,291.4
2024,P,25.6,158,4.03,B,B,B,3.283,3.57,0.79,N,N,N,N,N,Themis,0.89,Y,0,N,MariaOviedo,,3.0,3.67,141.9,145.2,287.1
2024,P,28.5,157,3.55,A,A,A,3.863,3.64,0.87,N,N,N,N,N,Barbri,1.0,N,0,N,N,,4.0,4.67,167.0,150.6,317.6
2024,P,28.2,156,3.38,F,B,A,2.883,3.37,0.61,Y,Y,N,N,Y,Themis,0.9,Y,0,N,N,,3.5,4.17,154.4,150.6,305.0
2024,P,26.0,157,3.26,B,B,B,3.15,3.16,0.41,N,N,N,N,N,Barbri,0.95,Y,0,N,N,,3.5,3.83,149.5,155.7,305.2
2024,P,25.9,158,3.63,C,C+,D+,2.4,2.86,0.19,N,Y,Y,N,N,Barbri,0.96,N,0,Christopher,N,,3.5,3.33,141.9,134.9,276.8
2024,P,25.8,160,3.33,B+,C+,B,2.916,3.24,0.53,N,N,N,N,Y,Barbri,1.0,N,0,N,N,,4.5,3.17,149.5,136.1,285.6
2024,P,25.6,161,3.98,B,B,B,3,3.13,0.37,N,N,N,Y,Y,Barbri,0.96,N,0,N,ColleenPotts,,3.0,3.83,144.3,136.8,281.1
2024,P,25.4,156,3.63,B,B+,B+,3,2.92,0.21,N,N,N,N,N,Barbri,1.0,Y,0,Beyer,N,,4.5,3.33,151.9,154.2,306.1
2024,P,25.3,160,3.67,C+,B,B,2.5,2.82,0.16,N,N,Y,N,N,Barbri,1.0,Y,0,Aycock,N,,3.5,3.67,146.9,143.2,290.1
2024,P,24.9,151,3.35,C+,B,C+,2.866,2.76,0.09,N,N,N,N,Y,Themis,0.78,Y,0,Chapman,N,,3.0,4.0,146.9,151.3,298.2
2024,P,25.7,154,3.81,D+,B,C+,2.483,2.99,0.24,N,N ,Y,N,N,Barbri,0.82,Y,4,Keffer,RebekahLuna,,4.0,3.17,144.3,144.5,288.8
2024,P,25.2,152,3.96,B,B+,A,3.316,3.32,0.6,N,N,N,N,N,Barbri,1.0,N,0,N,N,,4.0,3.17,144.3,140.6,284.9
2024,P,25.8,153,3.51,B,B,C+,3.316,3.3,0.57,N,N,N,Y,N,Themis,0.77,N,0,N,ScoutBlosser,,4.0,3.67,151.9,128.6,280.5
2024,P,25.9,158,3.44,C+,D+,C+,2.566,2.62,0.03,N,N,Y,N,N,Themis,0.77,Y,0,Hardberger,N,,4.5,4.0,162.0,152.7,314.7
2024,P,30.6,154,3.8,A,A,B+,3.483,3.6,0.83,N,N,N,N,N,Themis,0.85,Y,0,N,N,,4.0,3.5,149.5,150.6,300.1
2024,P,25.1,159,3.65,B+,B+,B+,3.516,3.64,0.86,N,N,N,N,N,Barbri,1.0,Y,2,N,N,,3.0,3.67,141.9,134.2,276.1
2024,P,25.7,153,3.77,B,B,A,3.466,3.44,0.7,N,N,N,N,Y,Themis,0.75,Y,0,N,N,,4.0,5.0,172.1,171.8,343.9
2024,P,26.1,158,3.26,C+,C+,B,2.733,2.82,0.17,N,N,N,N,N,Barbri,0.86,N,0,RSherwin,N,,4.0,4.5,164.6,163.6,328.2
2024,P,25.4,154,4.02,A,A,A,3.883,3.83,0.93,N,N,N,N,Y,Themis,1.0,Y,4,N,N,,4.0,4.33,162.0,150.6,312.6
2024,P,32.5,153,3.63,B,A,A,3.283,3.54,0.77,N,N,N,N,N,Barbri,1.0,Y,0,N,ClayElliott,,3.5,3.67,146.9,151.3,298.2
2024,P,25.6,152,3.65,B,B,B,2.916,3.16,0.39,N,N,N,N,N,Themis,0.7,Y,3,N,HolleyMcDaniel,,4.5,4.0,162.0,172.8,334.8
2024,P,29.1,159,3.21,C,C+,C+,2.35,2.76,0.1,N,Y,Y,Y,N,Themis,0.75,N,0,Lux,N,,3.5,5.0,167.0,153.5,320.5
2024,P,26.1,155,3.19,C+,C,C+,2.366,2.93,0.22,N,Y,Y,N,Y,Themis,0.83,Y,0,Aycock,N,,3.5,3.33,141.9,143.9,285.8
2024,P,28.5,154,3.42,C,C+,C+,2.616,3.17,0.41,N,N,Y,Y,N,Kaplan,0.98,N,0,N,BryanGreer,,4.0,3.5,149.5,129.9,279.4
2024,P,25.8,148,4.08,B+,A,B+,3.633,3.58,0.81,N,N,N,N,Y,Barbri,1.0,N,1,N,N,,3.5,3.83,149.5,152.7,302.2
2024,P,26.3,153,3.37,B,B,B,3.283,3.07,0.34,N,N,N,N,Y,Barbri,0.82,N,0,N,N,,2.5,3.5,134.4,139.3,273.7
2024,P,28.4,157,3.82,C+,B,B+,3.05,3.43,0.66,Y,N,N,N,N,Barbri,0.96,Y,0,N,N,,3.5,3.17,139.3,139.3,278.6
2024,P,26.3,161,3.48,C+,B,B,2.883,3.05,0.3,N,N,N,N,N,Barbri,1.0,Y,0,Beyer,N,,3.5,3.83,149.5,147.2,296.7
2024,P,26.1,154,3.84,B,A,B+,3.383,3.37,0.62,N,N,N,N,Y,Barbri,1.0,Y,2,N,N,,4.5,4.5,169.5,138.0,307.5
2024,P,38.0,153,3.7,,,,,3.19,0.45,N,N,N,N,Y,Themis,0.91,Y,0,N,N,,2.5,4.0,141.9,147.2,289.1
2024,P,25.6,159,3.76,B+,B,B+,3.166,3.25,0.54,N,N,N,N,Y,Barbri,0.98,Y,3,N,N,,3.5,3.33,141.9,152.0,293.9
2024,P,25.1,154,3.94,A,C+,B,3.366,3.68,0.88,N,N,N,N,N,Barbri,1.0,N,0,N,N,,5.0,3.5,159.4,156.4,315.8
2024,P,25.5,154,3.73,B,C+,B,3.233,3.48,0.74,N,N,N,N,N,Themis,1.0,Y,2,N,MariaOviedo,,5.0,4.0,167.0,149.9,316.9
2024,P,25.9,160,3.76,A,B+,A,3.75,3.71,0.9,N,N,N,N,Y,Barbri,0.85,N,0,N,N,,3.5,4.0,151.9,143.2,295.1
2024,P,26.8,157,3.65,B,A,A,3.233,3.46,0.73,N,N,N,N,N,Barbri,0.87,Y,0,N,N,,5.0,3.5,159.4,179.2,338.6
2024,P,29.1,157,2.8,B,C+,B+,2.7,2.79,0.14,N,N,Y,N,Y,Themis,0.62,N,0,RSherwin,N,,3.5,3.67,146.9,140.0,286.9
2024,P,31.8,155,3.22,B,B+,C,2.733,3.19,0.45,N,N,N,N,Y,Themis,0.91,Y,0,N,N,,3.0,3.33,136.8,140.0,276.8
2024,P,27.5,158,3.77,B+,A,B+,3.616,3.85,0.94,N,N,N,N,N,Barbri,0.99,N,0,N,N,,2.5,3.67,136.8,157.9,294.7
2024,P,25.6,159,3.93,B+,B,C+,3.233,3.31,0.58,N,N,N,N,N,Themis,0.86,Y,4,N,AshleyPirtle,,3.0,4.5,154.4,155.7,310.1
2024,P,25.8,149,3.35,B,D+,C,2.633,2.79,0.12,N,N,Y,Y,Y,Barbri,0.97,Y,0,Stafford,N,,5.0,4.0,167.0,150.6,317.6
2024,P,31.1,157,3.26,B+,B+,B+,3.433,3.59,0.82,N,N,N,N,N,Kaplan,0.92,N,0,N,N,,4.0,3.17,144.3,134.2,278.5
2024,P,25.9,156,3.39,C+,B,A,3.133,3.17,0.43,N,N,N,N,Y,Barbri,0.86,Y,4,N,N,,3.5,3.83,149.5,157.2,306.7
2024,P,26.7,160,3.27,B+,B,C+,3.1,3.16,0.4,N,N,N,N,N,Barbri,0.91,Y,3,N,N,,5.0,3.83,164.6,157.2,321.8
2024,P,28.6,157,3.14,B,D,C+,2.483,2.82,0.17,N,N,Y,Y,Y,Themis,0.93,Y,0,Corn,DavidRice,,5.0,4.33,172.1,147.9,320.0
2024,P,25.4,152,3.72,A,B,B,3.666,3.72,0.9,N,N,N,N,N,Barbri,1.0,Y,0,N,N,,4.5,4.17,164.6,150.6,315.2
2024,P,29.5,157,3.44,C+,B,B,2.916,3.28,0.55,N,N,N,N,Y,Helix,0.3,N,1,N,N,,4.0,4.33,162.0,167.1,329.1
2024,P,25.5,150,3.67,B,A,B,3.15,3.23,0.5,N,N,N,N,Y,Barbri,0.99,Y,1,N,N,,2.0,3.17,124.2,151.3,275.5
2024,P,31.5,159,3.14,A,B,B+,3.116,3.22,0.48,N,N,N,N,N,Barbri,0.89,Y,4,N,N,,3.5,3.67,146.9,149.2,296.1
2024,P,26.5,150,3.66,C,B,A,2.35,2.84,0.19,N,N ,Y,Y,Y,Kaplan,1.0,Y,0,RSherwin,N,,2.5,3.33,131.8,146.5,278.3
2024,P,29.4,157,3.66,A,B,B,3.2,3.57,0.79,N,N,N,N,N,Barbri,0.84,Y,0,N,N,,2.5,3.33,131.8,146.5,278.3
2024,P,30.6,160,2.67,B,B,C+,3.05,3.21,0.47,N,N,N,N,N,Barbri,0.97,N,0,N,N,,3.5,4.0,151.9,149.9,301.8
2024,P,26.4,158,3.6,B,B,B,2.566,2.76,0.1,Y,N,Y,Y,Y,Barbri,0.78,Y,0,Chapman,N,,3.5,3.83,149.5,153.5,303.0
2024,P,34.2,160,2.98,A,B,B,3.35,3.44,0.68,N,N,N,N,N,Barbri,1.0,Y,2,N,N,,4.5,3.83,159.4,155.7,315.1
2024,P,25.9,162,3.72,C+,C,B,2.6,2.76,0.09,N,N,Y,N,Y,Themis,0.82,Y,0,Corn,N,,3.5,3.5,144.3,127.4,271.7
2024,P,24.9,156,3.48,C+,B,C+,3.166,3.44,0.69,N,N,N,Y,Y,Barbri,0.86,N,0,N,N,,3.5,3.83,149.5,150.6,300.1
